ISIN,Name,EOD Ticker,Ticker Type,Description,Company URL
DE000A3E5E55,Ringmetall SE,HP3A.XETRA,Common Stock,"Ringmetall SE develops, produces, and markets packaging solutions for industrial drums in Germany and internationally. The company operates through Industrial Packaging and Industrial Handling segments. The Industrial Packaging segment develops, produces, and markets packaging products for the drum industry. This segment also offers industrial drums, clamping rings, lids, seals, and handles. The Industrial Handling segment produces and markets welded assemblies, trailer coupling systems, hydraulic components, lift mast parts, clutch and brake pedals for tractors and trucks, as well as vehicle attachments and special vehicle components for freight and warehouse logistics. It also offers pipes and pipe connections; inner liners, bag-in-box system, clamping rings, and lids. In addition, the company provides trailer couplings for tractors, agricultural machinery and truck, restraint systems for industrial truck. The company serves automotive, food and beverage, chemical, petrochemical, pharmaceutical, oil and gas, building and construction, agricultural, warehouse logistics, and other industries. Ringmetall SE was incorporated in 1997 and is headquartered in Munich, Germany.",https://ringmetall.de
DE0006214687,Müller - Die lila Logistik AG,MLL.XETRA,Common Stock,"Müller - Die lila Logistik SE provides logistics services in Germany. The company operates through Lila Operating and Lila Real Estate segments. It offers logistics solutions, such as delivery, warehousing, and assembling; and real estate space for the provision of services, including development, building, managing, and optimizing. The company serves automotive, medical and pharma, consumer goods, industrial, and electronics. Müller - Die lila Logistik SE was founded in 1991 and is headquartered in Besigheim, Germany.",https://www.lila-logistik.com/de
DE000ZAL1111,Zalando SE,ZAL.XETRA,Common Stock,"Zalando SE operates an online platform for fashion and lifestyle products. The company operates through Fashion Store and Offprice segments. It provides shoes, apparel, accessories, and beauty products with free delivery and returns, as well as various payment options. The company also sells its products through Lounge by Zalando; and brick-and-mortar outlet stores. It operates in Germany, Austria, Switzerland, Belgium, Croatia, the Czech Republic, Denmark, Estonia, Finland, Hungary, France, Ireland, Italy, Latvia, Lithuania, Luxembourg, the Netherlands, Norway, Poland, Romania, Slovakia, Slovenia, Spain, Sweden, and the United Kingdom. The company was founded in 2008 and is headquartered in Berlin, Germany.",https://corporate.zalando.de
DE0006627201,Mühlbauer Holding AG,MUB.XETRA,Common Stock,"Mühlbauer Holding AG engages in the production and personalization of smart cards, passports, solar cells, and RFID solutions in Germany, rest of Europe, Asia, the United States, Africa, and internationally. The company is involved in sorting of microchips, carrier tape systems and automation, labeling and traceability systems; manufacturing and sales of high-precision components; and provision of semiconductor related products, such as die sorting, carrier tapes, flip chips for LED, RFID/SMART labels, flexible solar technology, and multicomponent flexible electronic, as well as vision inspection products, including TEMA security inspection and TEMA industrial inspection equipment. It also offers consumables; accessories, such as map measuring stations, UV-lamps, thread counters, color fans, tool trollies, and cardboard cartons for cards; support services; and develops various official and industry-specific software solutions. In addition, the company offers emobility, flexible solar, and flexible electronics solutions; and ID card, e-passport, driver's license and vehicle registration, border control and verification of documents, e-government, production facility, and public administration software solutions. Mühlbauer Holding AG was founded in 1981 and is headquartered in Roding, Germany.",https://www.muehlbauer.de
DE000WCH8881,Wacker Chemie AG,WCH.XETRA,Common Stock,"Wacker Chemie AG, together with its subsidiaries, provides chemical products worldwide. It operates through four divisions: Wacker Silicones, Wacker Polymers, Wacker Biosolutions, and Wacker Polysilicon. The Wacker Silicones division offers silanes, siloxanes, silicone fluids, silicone emulsions, silicone elastomers, silicone resins, and pyrogenic silica. The Wacker Polymers division provides binders and polymeric additives, such as dispersible polymer powder and vinyl acetate-ethylene dispersions, which are used in construction, paper, adhesive, paint, coating, and basic chemical industries. The Wacker Biosolutions division offers customized biotech and catalog products for fine chemicals, such as pharmaceutical proteins, vaccines, cyclodextrins, cysteine, polyvinyl acetate solid resins, and acetylacetone for pharmaceutical actives, food additives, and agrochemicals. The Wacker Polysilicon division produces hyperpure polysilicon for use in semiconductor and solar sectors. Wacker Chemie AG was founded in 1914 and is headquartered in Munich, Germany. Wacker Chemie AG operates as a subsidiary of Dr. Alexander Wacker Familiengesellschaft mbH.",https://www.wacker.com
DE0005774103,FORTEC Elektronik AG,FEV.F,Common Stock,"FORTEC Elektronik AG provides components and systems in the areas of display technology, embedded systems, and power supplies in Germany and internationally. It operates through two segments, Data Visualisation and Power Supplies. The Data Visualisation segment offers standard kits and support services to product solutions with access to TFT controller and drive solutions developed in-house, as well as generation of optical bonding technology. The Power Supplies segment provides power supplies and DC/DC convertors. The company was founded in 1984 and is based in Germering, Germany.",https://www.fortecag.de
DE000A2E4SV8,Cyan AG,CYR.XETRA,Common Stock,"cyan AG, through its subsidiaries, provides cybersecurity solutions and telecommunication services in Europe, the Middle East, Africa, and the Asia-Pacific. It provides OnNet Security, a network integrated cybersecurity solution; OnDevice Security solution that offers tools for safe digital experiences; and Child Protection solutions for safe internet experience to telecommunication companies, as well as clean pipe DNS solutions. It also provides OnNet Core solution to protect the operator's network against unwanted traffic and content that includes mobile threats, such as phishing, malware, and bad trackers; and OnNet Plus that provides protection for the customer with various features. The company provides IT security products for mobile and fixed network internet providers, mobile phone providers, and financial service provides under cyan digital security brand name. cyan AG was founded in 2017 and is headquartered in Munich, Germany.",https://www.cyansecurity.com
DE0005439004,Continental Aktiengesellschaft,CON.F,Common Stock,"Continental Aktiengesellschaft, a technology company, provides solutions for vehicles, machines, traffic, and transportation worldwide. It operates through four sectors: Automotive, Tires, ContiTech, and Contract Manufacturing. The company offers technology for safety, brake, chassis, motion, and motion control systems; solutions for assisted and automated driving; display and operating technologies; and audio and camera solutions for the vehicle interior, as well as intelligent information and communication technology solutions. It also provides tires for cars, trucks, buses, two-wheel, and specialist vehicles, as well as digital tire monitoring and management systems; and engages in the retail of tires. In addition, the company develops products and systems made from rubber, plastic, metal, and textiles for the energy, agriculture, and construction, as well as interior design, automotive, transportation, and railway engineering sectors; and provides contract manufacturing services. The company was formerly known as Continental-Caoutchouc- und Gutta-Percha Compagnie. Continental Aktiengesellschaft was founded in 1871 and is headquartered in Hanover, Germany.",https://www.continental.com
DE000A3H2184,Epigenomics AG,ECX.XETRA,Common Stock,"Epigenomics AG, a molecular diagnostics company, focuses on liquid biopsy for the early detection of cancer. Its lead product is Epi proColon, a blood-based test for the early detection of colorectal cancer in the United States, Europe, and China. The company's products also include hepatocellular carcinoma blood test; Epi proColon, a liquid biopsy test for detection of colorectal cancer; and Epi BiSKit, a pre-analytical tool, which provides a set of reagents for the preparation of bisulfite-converted DNA. Its research and development activities identify suitable biomarkers in human tissue and developing and patenting the corresponding in vitro diagnostic blood tests. Epigenomics AG was founded in 1998 and is headquartered in Berlin, Germany.",https://www.epigenomics.com
DE000A0Z23Q5,Adesso SE,ADN1.XETRA,Common Stock,"adesso SE, together with its subsidiaries, provides IT services in Germany, Austria, Switzerland, and internationally. It operates through two segments, IT Services and IT Solutions. The company offers industry-specific IT consulting and software development services; and distributes software products and industry-specific or industry-neutral solutions. The company provides application management, data and analytics, digital and customer experience, interaction room, IT management and organizational consulting, SmartShore, security, and other services. It serves automotive, banks/financial services, utilities, healthcare, retail, life sciences, lottery, manufacturing, media and entertainment, food, exhibition, sports, public authorities, public transportation, and insurance industries. The company was founded in 1997 and is based in Dortmund, Germany.",https://www.adesso.de
DE000A0LR9G9,Exasol AG,EXL.XETRA,Common Stock,"Exasol AG develops database for analytics and data warehousing in Germany, Austria, Switzerland, Great Britain, North America, and internationally. It provides solutions to retail and e-commerce, finance analytics, and healthcare sectors. Exasol AG was founded in 2000 and is headquartered in Nuremberg, Germany.",https://www.exasol.com
DE0007274136,Sto SE & Co. KGaA,STO3.F,Common Stock,"Sto SE & Co. KGaA engages in the manufacture and sale of products and systems for building coatings in Europe, and internationally. The company offers facade systems, including external wall insulation and rainscreen cladding facade systems; facade coatings, such as render and paint systems; and interior products comprising plaster and paint systems for home and office interiors, decorative coatings, and interior claddings, as well as decorative coatings, interior claddings, and acoustic systems for regulating sounds. It also offers floor coatings, as well as products for concrete repair. The company serves professional customers, such as painters, plasterers, and building contractors, as well as architects, planning offices, and real estate industry through direct and multi-stage distribution systems. Sto SE & Co. KGaA was founded in 1955 and is headquartered in Stühlingen, Germany. The company is a subsidiary of Stotmeister Beteiligungs GmbH.",https://www.sto.de
DE0006942808,Scherzer & Co. AG,PZS.F,Common Stock,"Scherzer & Co. AG is a publicly owned investment manager. The firm provides its services to Institutional and private investors. The firm focuses on high-growth companies that have a sustainable business model. Scherzer & Co. AG was founded in 1880 and is based in Cologne, Germany.",https://www.scherzer-ag.de
DE000A2P4LJ5,PharmaSGP Holding SE,PSG.F,Common Stock,"PharmaSGP Holding SE manufactures and sells over-the-counter drugs and other healthcare products in Germany. The company's pharmaceutical products include Baldriparan for the treatment of sleep disorders; Spalt, Formigran, and Kamol massage creams for the treatment of various pain conditions; RubaXX pharmaceutical drops for the treatment of rheumatic pain in bones, tendons, and muscles; Restaxil pharmaceutical drops for the treatment of nerve pain in neck and back; Revitensin, a drug for the treatment of hair loss; Dorisol for neuralgia (nerve pain), headaches, and migraines; Fulminan, a beauty drink; Lindaven, a pharmaceutical drops to treat their unpleasant problem; and SCLEROCALMAN, a drug for the treatment of clogged cerebral blood vessels. It also offers Prostacalman, a medication for cystitis and urination discomfort in a benign enlarged prostate; Revoten for women with weak connective tissue; Mindalin, a micronutrient drink for a healthy cardiovascular system; MELISTON, a prescription-free tablets to treat anxiety, restlessness, and mood swings; Deruba, a cream for skin redness; Lentisol that prevents the formation of new pigment spots; Neodolor, a headache tablet; DESEO pharmaceutical drops for sexual weakness; Neradin, a drug for sexual dysfunction; and TAUMEA, a drug for the treatment of vertigo. The company sells its products through pharmacies and wholesalers. It also exports its products to European countries comprising Austria, Italy, Belgium, Spain, and France. The company was founded in 2012 and is based in Gräfelfing, Germany.",https://pharmasgp.com
DE0007551509,Uzin Utz AG,UZU.XETRA,Common Stock,"Uzin Utz SE develops, manufactures, and sells construction chemical system products in Germany, the United States, Netherlands, and internationally. It operates in Germany-Laying Systems, Germany- Machines and Tools, USA, Netherlands-Laying Systems, Netherlands-Wholesale, Western Europe, Southern/Eastern Europe, and Other segments. The company offers laying systems for floors, parquet, tiles, and natural stone; and synthetic resin flooring products. It also provides product systems for installation of floor coverings; surface finishing of parquet flooring; machines and special tools for floor finishing; high-performance dry adhesives; and cleaning and maintenance products, as well as floor related services. In addition, the company engages in the leasing of business premises; and production of installation systems and machines and tools. It markets its products under the UZIN, WOLFF, PALLMANN, arturo, codex and Pajarito brand name. Uzin Utz SE was founded in 1911 and is headquartered in Ulm, Germany.",https://www.uzin-utz.com
DE0006219934,Jungheinrich AG O.N.VZO,JUN3.XETRA,Common Stock,"Jungheinrich Aktiengesellschaft, through its subsidiaries, provides products and solutions for the intralogistics sector with a portfolio of material handling equipment, automated systems, and matching services worldwide. It operates in two segments, Intralogistics and Financial Services. The Intralogistics segment engages in the development, production, sale, and short-term rental of new material handling equipment and warehousing equipment products, including automation; sale and short-term leasing of used trucks; and provides spare parts, as well as maintenance and repair services. The Financial Services segment engages in the sales financing and usage transfer of material handling and warehousing equipment products. The company's products include electric and hand pallet trucks, electric pallet stackers; order pickers; reach trucks; very narrow aisle trucks and EKX cold store high rack stacker; electric forklift; tow tractors, tugger train trailers, shuttles, and used forklift trucks. It also offers rental of fleet, and battery and charger; contract and event hire service; automated guided vehicles, conveyor technology, and stacker cranes; lithium-ion and lead-acid batteries; charging technology; powertrain solutions; electric drives/drivetrains; controllers; electromechanics components/control pedals/displays; electric mounting panels; and cable sets. In addition, the company provides warehouse racking and storage services; digital products and software solutions, including warehouse management system, fleet management system, device and process management solutions, and interface management; and wi-fi infrastructure, barcode scanners, and mobile workstations; as well as develops software applications. It distributes its products through its direct sales and service network, as well as through dealers. Jungheinrich Aktiengesellschaft was founded in 1953 and is headquartered in Hamburg, Germany.",https://www.jungheinrich.com
DE0006286560,OVB Holding AG,O4B.XETRA,Common Stock,"OVB Holding AG, through its subsidiaries, provides advisory and brokerage services to private households in Europe. It also provides advisory services to clients in structuring their finances; and brokerage services for various financial products offered by insurance companies, banks, building societies, and other enterprises. The company was founded in 1970 and is based in Cologne, Germany.",https://www.ovb.eu
DE000A12UPJ7,Pantaflix AG,PAL.XETRA,Common Stock,"Pantaflix AG operates as an entertainment company. It develops, finances, produces, and sells films and series. The company offers PANTAFLIX, a steaming platform. It also develops artificial intelligence generated content. The company was formerly known as PANTALEON Entertainment AG and changed its name to Pantaflix AG in August 2017. The company was founded in 2009 and is based in Munich, Germany. Pantaflix AG is a subsidiary of Blackmars Capital Gmbh.",https://www.pantaflixgroup.com
DE0005008007,ADO Properties SA,ADL.F,Common Stock,"ADLER is one of Germany's leading residential property companies with a focus on affordable housing. Its portfolio is primarily located in "" or on the outskirts of "" large and growing conurbations in northern, eastern and western Germany and has considerable upside potential in terms of revaluation gains, vacancy reduction and rent uplifts. All of the Group's properties and business operations are located in Germany. The Group's residential portfolio has been built up over the past six years by acquiring individual portfolios or shares in property-holding companies.",https://www.adler-ag.com
DE000A1RFMY4,Rcm Beteiligungs AG,RCMN.F,Common Stock,"RCM Beteiligungs AG is a public investment firm specializing in real estate. The firm seeks to invest in residential real estate. RCM Beteiligungs AG was founded in 1999 and is headquartered in Sindelfingen, Germany.",https://www.rcm-ag.de/
DE000A0D6554,Nordex SE,NDX1.F,Common Stock,"Nordex SE, together with its subsidiaries, develops, manufactures, and distributes multi-megawatt onshore wind turbines worldwide. It operates in Projects and Services segments. The company provides project development services, as well as acquires rights and creates the infrastructure required to construct wind power systems at suitable locations. It also offers maintenance and remote monitoring services for wind farms, as well as repair and technical enhancement services for existing turbines. The company was incorporated in 1985 and is headquartered in Hamburg, Germany.",https://www.nordex-online.com
DE0006636681,va-Q-tec AG,VQT.XETRA,Common Stock,"va-Q-tec AG develops, produces, and markets vacuum insulation panels and phase change materials in Germany, rest of European Union, and internationally. It also manufactures and distributes thermal packaging solutions and thermal energy storage components. In addition, the company supplies temperature controlled supply chain systems for healthcare and logistics companies; insulation of refrigeration/freezing equipment and ultra-low to appliance and food companies; insulating water boilers, pipelines, and laboratory equipment for technics and industry; building insulation solutions for facades, roofs, and floors; and insulation in refrigeration trucks, electric cars, trains, and aircraft. Further, it offers container rental and thermal consulting services. The company was founded in 2001 and is headquartered in Würzburg, Germany.",https://www.va-q-tec.com
DE000A1MME74,Netfonds AG,NF4.XETRA,Common Stock,"Netfonds AG provides advisory services for the financial, insurance, and real estate sectors. It also offers financial portfolio management services, as well as acts as a consultant. In addition, the company provides invoice, customer acquisition and retention, back office, legal, and consultant software services. It offers its services to investment advisors, insurance brokers, banks, and organizations. The company was founded in 2000 and is based in Hamburg, Germany.",https://www.netfonds.de
DE000A0DNAY5,bet-at-home.com AG,ACX.F,Common Stock,"bet-at-home.com AG, through its subsidiaries, provides online sports betting and gaming services. The company offers pre-match and live betting; and sports betting and online gaming licenses for casino, poker, games, and virtual sports services. It operates in Germany, Austria, Malta, and Gibraltar. The company was founded in 1999 and is based in Düsseldorf, Germany. bet-at-home.com AG is a subsidiary of BetClic Everest Group S.A.S.",https://www.bet-at-home.ag
DE0005200000,Beiersdorf Aktiengesellschaft,BEI.F,Common Stock,"Beiersdorf Aktiengesellschaft, together with its subsidiaries, manufactures and distributes consumer goods in Europe, the Americas, Africa, Asia, and Australia. It operates in two segments, Consumer Business and Tesa Business. The Consumer Business Segment offers skin and body care products. The Tesa Business segment provides adhesive tapes and self-adhesive solutions for industries, craft businesses, and consumers. This segment offers its system solutions to the automotive, electronics, printing and paper, and building and construction industries. It operates an online store. The company offers its products under the Aquaphor, NIVEA, Eucerin, La Prairie, Labello, Hansaplast, 8x4, Florena, Coppertone, HIDROFUGAL, SKIN STORIES, GAMMON, Maestro, tesa, Chantecaille, Elastoplast, and CURITAS brand names. The company was founded in 1882 and is headquartered in Hamburg, Germany. Beiersdorf Aktiengesellschaft operates as a subsidiary of maxingvest ag.",https://www.beiersdorf.com
DE0006223407,ProCredit Holding AG & Co KGaA,PCZ.XETRA,Common Stock,"ProCredit Holding AG, together with its subsidiaries, provides commercial banking services for small and medium enterprises and private customers in Europe, South America, and Germany. The company offers business loans for wholesale and retail trade; agriculture; forestry and fishing; production; transportation and storage; construction and real estate; hotel, restaurant, and catering; electricity, gas, steam, and air conditioning supply; and other activities, as well as investment and green loans; and private loans, such as housing, investment, and consumer loans. It also offers current, savings, and term deposit accounts. The company was formerly known as Internationale Micro Investitionen AG and changed its name to ProCredit Holding AG. The company was founded in 1998 and is based in Frankfurt am Main, Germany.",https://www.procredit-holding.com
DE0005909006,Bilfinger SE,GBF.XETRA,Common Stock,"Bilfinger SE provides industrial services to customers in the process industry primarily in Europe, North America, and the Middle East. The company offers engineering, project, maintenance, turnaround, rotating equipment, and inspection services. It also provides new construction and decommissioning of nuclear power plants, treatment of radioactive waste, and nuclear fusion services. In addition, the company offers energy efficiency, carbon capture, utilization, and storage; and hydrogen, hydropower, and wind power services. Further, it provides design and engineering, plant engineering and assembly, operation and optimization, bilfinger connected asset performance, and mobile and web application services. It serves customers in energy, chemicals and petrochemicals, pharma and biopharma, and oil and gas industries. The company was founded in 1880 and is headquartered in Mannheim, Germany.",https://www.bilfinger.com
DE0005403901,CEWE Stiftung & Co. KGaA,CWC.XETRA,Common Stock,"CEWE Stiftung & Co. KGaA operates as a photo service and online printing provider in Germany and internationally. The company operates through three segments: Photofinishing, Retail, and Commercial Online Printing. It offers photo prints, photo books, wall art, photo calendars, greeting cards, and other photo gifts. The company also provides online printing services under the SAXOPRINT, viaprinto, and LASERLINE brands; and markets photo products under the CEWE, WhiteWall, Cheerz, and DeinDesign brands, as well as business stationery products and printed advertising media services. In addition, it operates retail outlets and online shops that offers cameras, lenses, and photo equipment, as well as engages in real estate holding and equity investment businesses. CEWE Stiftung & Co. KGaA was founded in 1912 and is headquartered in Oldenburg, Germany.",https://www.cewe.de
DE000A0KEXC7,Vectron Systems AG,V3S.XETRA,Common Stock,"Vectron Systems AG provides POS systems, POS software, and digital and cloud based services worldwide. It offers stationary and mobile POS systems; POS PC, a POS system software; posmatic, an iPad POS system; Vectron Commander, a software for branch management and data maintenance; Vectron Journal Tool, a POS tool for evaluating and archiving journal data; and Vectron Contacts, a contact and invoice manager software. The company also provides myVectron reporting app; and bonVito, an online service with customer retention, online portals, orders, reservation, loyalty program, bonus cards, point collection systems, online payments and feedback, and various other functions. It offers its solutions solutions for hospitality, hotels, bakeries, and cafés. Vectron Systems AG was founded in 1990 and is based in Münster, Germany.",https://www.vectron-systems.com
DE0005313704,Carl Zeiss Meditec AG,AFX.F,Common Stock,"Carl Zeiss Meditec AG operates as a medical technology company in Germany, rest of Europe, North America, and Asia. It operates in two segments, Ophthalmology and Microsurgery. The Ophthalmology segment offers products and solutions for the diagnosis and treatment of chronic eye diseases, such as ametropia (refraction), cataracts, glaucoma, and renital disorders. This segment also provides devices for general ophthalmological examination and care, including slit lamps, refractometers, tonometers, optical coherence tomography devices, and fundus cameras; and devices for functional diagnostics (perimeters), as well as digital products for storage, evaluation, and sharing of clinical data. In addition, this segment offers surgical ophthalmology products comprising surgical microscopes, biometers, phacoemulsification, and vitrectomy devices; intraocular lenses for cataract patients; and systems and consumables for laser eye surgery. The Microsurgery segment provides products and solutions for invasive surgical treatments; and solutions in the area of ear, nose and throat, plastic and reconstructive, neuro, dental, and spinal surgeries. It serves physicians in various fields and hospitals. The company was founded in 1846 and is headquartered in Jena, Germany. Carl Zeiss Meditec AG is a subsidiary of Carl Zeiss AG.",https://www.zeiss.com/meditec-ag/de/investor-relat
DE000A0EQ578,HELMA Eigenheimbau Aktiengesellschaft,H5E.XETRA,Common Stock,"HELMA Eigenheimbau Aktiengesellschaft, together with its subsidiaries, provides a range of building services in Germany. The company engages in the development, planning, sale, and construction management of turnkey detached and semi-detached houses. It involved in the development, planning, and sale of holiday houses and apartments. In addition, it builds detached, semi-detached, and terraced houses; and constructs multi-storey residential buildings; and energy self-sufficient terraced and multi-family houses. HELMA Eigenheimbau Aktiengesellschaft was founded in 1980 and is headquartered in Lehrte, Germany.",https://www.helma.de
DE000A2BPP88,Beta Systems Software AG,BSS.F,Common Stock,"Beta Systems Software AG develops software products in Germany and internationally. The company offers output management and document archiving, workload automation, log management, quality management, access management, service and change management, and identity access management, IT operations management, and codelab solutions. It also offers data intelligence and other support services. The company was founded in 1983 and is headquartered in Berlin, Germany. Beta Systems Software AG is a subsidiary of Sparta AG.",https://www.betasystems.com
DE000A3E5A59,SynBiotic SE,SBX.F,Common Stock,"SynBiotic SE engages in the research and development, production, and marketing of cannabinoid and terpene-based solutions to for pain, sleep deprivation, and anxiety. It also offers hemp, cannabinoids, dietary supplements, and cosmetic products; medical cannabis products; and cannabis products for recreational use under the Hempamed, Princess Stardust, The Hempany, and Hempamed Rx brand names. The company was formerly known as Ledgertech SE and changed its name to SynBiotic SE. SynBiotic SE was founded in 2015 and is based in Munich, Germany.",https://www.synbiotic.com
DE0007231334,Sixt SE,SIX3.XETRA,Common Stock,"Sixt SE, through its subsidiaries, provides mobility services through corporate and franchise station network for private and business customers worldwide. It offers its products through SIXT app, which comprises SIXT rent, a car rental service; SIXT van & truck for commercial vehicle rental; SIXT share, a car sharing service, as well as offers micro-mobility services through e-scooters, e-mopeds, and e-bikes; SIXT+ for car subscriptions/long-term rentals; and SIXT ride, which includes transfer services, chauffeur services, and event transport services. The company was founded in 1912 and is headquartered in Pullach, Germany. Sixt SE is a subsidiary of Erich Sixt Vermögensverwaltung GmbH.",https://www.sixt.com
DE000A1MMCC8,Medios AG,ILM1.XETRA,Common Stock,"Medios AG, together with its subsidiaries, supplies specialty pharmaceutical drugs primarily in Germany. It operates through Pharmaceutical Supply and Patient-Specific Therapies segments. The Pharmaceutical Supply segment offers products on oncology, neurology, autoimmunology, ophthalmology, infectiology, and hemophilia diseases. The Patient-Specific Therapies segment manufactures medications for patients on behalf of pharmacies. This segment includes cytostatic infusion preparations, antibody therapies, virostatic and antibiotic medications, parenteral nutrition solutions, and investigational medicinal products. Medios AG was founded in 2016 and is headquartered in Berlin, Germany.",https://www.medios.ag
DE000A3E5ED2,Veganz Group AG,VEZ.F,Common Stock,"Veganz Group AG develops, produces, and sells plant-based food products under the Veganz brand name. It offers biscuits and bakery products, cheese alternatives, breakfast ingredients and protein products, spreads, honey alternatives, fish alternatives, basics, meat and sausage alternatives, natural snacks, ready meals, seasonal, sweets, beans, hemp seeds, muesli, etc., as well as vegan alternatives, salmon, sushi and bacon, and confectionery products. It also sells its products through point of sale, as well as through online shops. Veganz Group AG serves its customers through food retailers; discounters; drugstores; food servicers, such as company restaurants and popular sports; and online through distribution partners. The company serves in Germany, Austria, Switzerland, Slovakia, and internationally. Veganz Group AG was founded in 2011 and is based in Berlin, Germany.",https://www.veganz.de
DE000A1J5RX9,Telefonica Deutschland Holding AG,O2D.XETRA,Common Stock,"Telefónica Deutschland Holding AG, together with its subsidiaries, provides integrated telecommunication services to private and business customers in Germany. It offers fiber-to-the-home lines; broadband services, consisting of VDSL, cable, fiber, and fixed mobile substitution services; and machine to machine communication and managed connectivity services. The company offers digital services in the fields of Internet of Things, as well as O2 Tv and O2 cloud. In addition, it provides access to infrastructure and services for its wholesale partners. Further, the company provides its products and services through a network of independently operated franchise and premium partner shops, and online and telesales channels, as well as indirect selling channels, such as partnerships and co-operations with retailers. It markets its products and services under the O2, Blau, AY YILDIZ, Ortel Mobile, and Telefonica brand names. The company was formerly known as Telefónica Germany Verwaltungs GmbH and changed its name to Telefónica Deutschland Holding AG in September 2012. The company is based in Munich, Germany. Telefónica Deutschland Holding AG operates as a subsidiary of Telefonica Germany Holdings Limited.",https://www.telefonica.de
DE000A3H3LL2,Vantage Towers AG,VTWR.F,Common Stock,"Vantage Towers AG, a tower infrastructure company, engages in the acquisition, leasing, construction, maintenance, and management of passive network infrastructure for mobile communications in Germany, Spain, Greece, and other European Markets. Its product portfolio includes towers, masts, rooftop sites, distributed antenna systems, and small cells. The company also provides colocation, built-to-suit, energy, and transmission services. In addition, it offers various services ranging from site operation and maintenance to fibre-to-the-site, energy services, and power supply management. The company serves mobile network operators, federal agencies, and customers from utilities and technology sectors. Vantage Towers AG was founded in 2019 and is headquartered in Düsseldorf, Germany. Vantage Towers AG is a subsidiary of Vodafone GmbH.",https://www.vantagetowers.com
DE0006292006,KSB SE & Co. KGaA,KSB.XETRA,Common Stock,"KSB SE & Co. KGaA, together with its subsidiaries, manufactures and supplies pumps, valves, and related services worldwide. It operates through three segments: Pumps, Valves, and KSB SupremeServ. The Pumps segment offers single and multistage pumps, submersible pumps, and associated control and drive systems. The Valves segment provides butterfly, globe, gate, control, diaphragm, and ball valves, as well as associated actuators and control systems. The KSB SupremeServ segment is involved in the installation, commissioning, start-up, inspection, servicing, maintenance, and repair of pumps, valves, and related systems for various applications; modular service concepts and system analyses for complete systems; and spare parts for pumps and valves. Its products are used in energy and mining, water, building services, petrochemicals/ chemicals, and general industries. The company was formerly known as KSB Aktiengesellschaft and changed its name to KSB SE & Co. KGaA in January 2018. KSB SE & Co. KGaA was founded in 1871 and is headquartered in Frankenthal, Germany.",https://www.ksb.com
DE0005408686,ÖKOWORLD AG,VVV3.XETRA,Common Stock,"ÖKOWORLD AG, together with its subsidiaries, provides solutions for sustainable investment in Germany. The company offers private pension insurance, okowerk pension fund, employer funded pension, and investment funds, as well as asset management services. It serves private individuals and sales partners. The company was formerly known as versiko AG and changed its name to ÖKOWORLD AG in December 2013. ÖKOWORLD AG was founded in 1975 and is headquartered in Hilden, Germany.",https://www.oekoworld.com
DE0007480204,Deutsche EuroShop AG,DEQ.F,Common Stock,"Deutsche EuroShop is the only public company in Germany to invest exclusively in shopping centers in prime locations. The company currently has investments in 21 shopping centers in Germany, Austria, Poland, the Czech Republic and Hungary. The portfolio includes the Main-Taunus-Zentrum near Frankfurt, the Altmarkt-Galerie in Dresden and the Galeria Baltycka in Gdansk, among many others.",https://www.deutsche-euroshop.de
DE000A161077,Ernst Russ AG,HXCK.XETRA,Common Stock,"Ernst Russ AG is a publicly owned investment manager. It invest in shipping, alternative investments, real estate, private equity and renewable energy. Within ship participation, the firm invests in part-owning ships and funds for ship participation and dormant investments with conversion options. In property investment funds, it seeks to invest in closed ended property investment funds. Within private equity the firm seeks to invest in private equity and venture capital funds. It also invests in real estate investments. Ernst Russ AG formerly known as HCI Capital AG. Ernst Russ AG was founded in 1985 and is based in Hamburg, Germany.",https://www.ernst-russ.de
DE000BFB0027,Metro AG,B4B3.XETRA,Common Stock,"Metro AG operates as a food wholesale company in Germany and internationally. It operates bricks-and-mortar wholesale stores and delivery depots under the METRO, MAKRO, Classic Fine Foods, Pro à Pro, Aviludo, Pro a Pro Spain, Johan i Hallen & Bergfalk, and Rungis Express brand names serving hotels, restaurants, bars, cafés, catering companies, canteen operators, small grocery stores, and kiosks in Europe, Russia, and Asia, as well as online marketplace METRO MARKETS. The company also develops digital solutions; and offers food delivery services. In addition, it provides services in the areas of real estate, logistics, information technology, procurement, and advertising. The company was formerly known as METRO Wholesale & Food Specialist AG and changed its name to METRO AG in August 2017. Metro AG was founded in 1964 and is based in Düsseldorf, Germany.",https://www.metroag.de
DE000A3CRRN9,Cherry AG,C3RY.XETRA,Common Stock,"Cherry SE, together with its subsidiaries, manufactures and sells computer input devices in Germany. It offers keyboards, mice, desktop sets, USB terminals, card readers, headsets, microphones, mechanical switches, and accessories; and provides software solutions. The company serves office and home office, gaming, healthcare, security, POS, and IOT sectors. It sells its products through distributors, resellers, system houses, retailers, e-tailers, and DTC. Cherry SE was founded in 1953 and is headquartered in Auerbach, Germany.",https://www.cherry-world.com
DE0005103006,"Adtran Networks SE
",ADV.F,Common Stock,"Adtran Networks SE engages in the development, manufacture, and sale of optical and Ethernet-based networking solutions for telecommunications carriers and enterprises to deliver data, storage, voice, and video services. It offers open optical transport solutions, such as FSP 3000 open terminals, FSP 3000 open line systems, and pluggables and subsystems; network infrastructure assurance solutions; fiber access and aggregation solutions; and residential solutions, such as optical network terminals, mesh Wi-Fi gateways and satellites, and cloud managed Wi-Fi solutions. The company also provides enclosures and cabinets; business solutions, including access routers and IP gateways, enterprise switching, enterprise wireless, packet edge, and network virtualization; cloud software comprising management and orchestration solutions, and SaaS applications; timing and synchronization solutions; and services, such as consulting and education, deployment, cloud and software, support, and training services. It sells its products to telecommunications service providers, private companies, universities, and government agencies through a network of distribution partners. The company operates in Germany, rest of Europe, the Middle East, Africa, the Americas, and the Asia-Pacific. The company was formerly known as ADVA Optical Networking SE and changed its name to Adtran Networks SE in June 2023. The company was founded in 1994 and is headquartered in Munich, Germany. Adtran Networks SE is a subsidiary of ADTRAN Holdings, Inc.",https://www.adtran.com/en
DE0006200108,Indus Holding AG,INH.XETRA,Common Stock,"INDUS Holding AG is a private equity firm specializing in mergers and acquisitions and corporate spin-offs. The firm does not invest in retail and service companies, pure trading or consumer goods businesses, companies with significant dependencies on individual business partners, start-ups, turnarounds, mature businesses, and companies undergoing restructuring. The firm typically invests in middle market and mature companies. It primarily makes long-term investments in medium-sized manufacturing companies in energy and environmental technology; infrastructure and logistics technology, intelligent logistic infrastructure; automation, measurement and control technology; medical engineering; life science; construction and safety technology; industry; digitalization; green tech; medical equipment for the ageing society; innovative construction technology; and public and private security sectors. The firm acquires small and medium-sized companies based in Germany, Switzerland, Austria, and the German-speaking regions of Europe. It typically invests in companies with annual sales between ""20 million ($21.71 million) and ""100 million ($108.58 million), equity rate above 30 percent, and double digit EBIT margin. It prefers to invest in companies with low level/no liabilities to banks. The firm seeks to take a majority stake in its portfolio companies initially and building it up to 100 percent. It prefers to acquire mainly owner-managed companies. It also seeks second-level acquisition opportunities. The firm invests through its balance sheet. INDUS Holding AG was founded in 1989 and is based in Bergisch Gladbach, Germany.",https://indus.de/en/
DE000A3GK2N1,DDA Physical Bitcoin ETP A EUR,XBTI.XETRA,Common Stock,,
DE000A3GTBU5,BCHetc ETC Group Physical Bitcoin Cash,BTCG.XETRA,Common Stock,,
DE0006569403,ALBIS Leasing AG,ALG.XETRA,Common Stock,"ALBIS Leasing AG, through its subsidiaries, provides leasing, hire purchase, and rental solutions for medium-sized companies in Germany. The company was founded in 1986 and is based in Hamburg, Germany.",https://www.albis-leasing.de
DE000SHA0159,Schaeffler AG Pref,SHA.XETRA,Common Stock,"Schaeffler AG, together with its subsidiaries, develops, manufactures, and sells components and system for industrial applications in Europe, the Americas, China, and the Asia Pacific. The Automotive Technologies division offers mechanical, mechatronic, and electronic components and systems for powertrain electrification used in passenger cars and commercial vehicles, such as electric motors, axle transmissions, axle drives, power electronics, hybrid modules, electromechanical and hydraulic actuators, and thermal management module; torque converters, hybrid dampers, clutches, variable valve train systems, valve-lash adjustment elements, balancer shafts, camshaft phasing systems, timing drives, and front end auxillary drives. This division provides rolling bearing application and products, such as wheel, ball, and needle roller bearings; and mechanical components and mechatronic systems for steering and other chassis applications, including Space Drive, a steer-by-wire system. The Automotive Aftermarket division offers components and repair solutions for light commercial vehicles, trucks and buses, and offroad sectors under the LuK, INA, and FAG brand names, as well as service for repair shops under the REPXPERT brand. The Industrial division develops and manufactures rotary and linear bearing solutions, drive technology components and systems, and service solutions, such as sensor-based condition monitoring systems. This division serves customers in the wind, raw materials, aerospace, rail, offroad, two wheelers, power transmission, and industrial automation sectors. The company was formerly known as INA Beteiligungsgesellschaft mit beschränkter Haftung and changed its name to Schaeffler AG in October 2014. The company was founded in 1946 and is headquartered in Herzogenaurach, Germany. Schaeffler AG is a subsidiary of IHO Verwaltungs GmbH.",https://www.schaeffler.com
DE000A0LA304,tick Trading Software AG,TBX.F,Common Stock,"tick Trading Software AG, a software company, provides solutions for professional trading of various asset classes worldwide. Its core product is TradeBase MX Platform, a trading system that controls message routing, manages user access rights, distributes market data, and connects trading interfaces. The company also provides e-Trading Compliance Monitor, a system that aggregates order actions from connected trading systems in a central database for analysis and to track the order flow of the company; and tick-TS Cloud solution. tick Trading Software AG was founded in 2002 and is based in Düsseldorf, Germany.",https://www.tick-ts.de
DE0006004500,Hyrican Informationssysteme Aktiengesellschaft,HYI.F,Common Stock,"Hyrican Informationssysteme Aktiengesellschaft provides IT system services in Germany. The company offers PCs, notebooks, servers, workstations, and peripherals. It also provides IT solutions, including mobility technologies, cloud computing, and data center solutions; and client management, server and storage, IT security, networking, software, and communication solutions, as well as managed, professional, and training services. In addition, the company offers LED lighting solutions, such as LED hall downlight, street light, tubes, ceiling and wall panels, flood and tunnel lights, downlights and spots, and light line systems. The company was founded in 1990 and is headquartered in Kindelbrück, Germany.",https://www.hyrican.de
DE0006044001,Maternus-Kliniken Aktiengesellschaft,MAK.F,Common Stock,"Maternus-Kliniken Aktiengesellschaft operates retirement and nursing homes, rehabilitation clinics, and various service companies that operate in the field of geriatric care and rehabilitation medicine. It also provides emergency call, assisted living, rehabilitation, and follow-up treatment services, as well as domestic, inpatient, short term, and disability care services. The company was founded in 1877 and is headquartered in Berlin, Germany.",https://www.maternus.de
DE0005405104,InnoTec TSS AG,TSS.F,Common Stock,"InnoTec TSS AG, through its subsidiaries, produces and sells exterior door panels for the construction industry in Germany, Europe, and internationally. The company provides aluminum, steel, and plastic door panels; door glazing; and glass products for front doors, interior doors, windows, furniture, and other architectural elements. It also offers elastic matrices, molds, liquid plastics, and elastic structured formliners for use in precast concrete plants and in-situ concrete. InnoTec TSS AG is based in Düsseldorf, Germany.",https://www.innotectss.de
DE000A0KFUJ5,KROMI Logistik AG,K1R.XETRA,Common Stock,"KROMI Logistik AG engages in trading and sale of cutting tools and related services in Germany, rest of Europe, and Brazil. The company offers purchasing management, which includes professional tool procurement and management, interim storage, customer specific warehouse catalogue, accounting, vendor managed inventory, and eProcurement services; and logistics management services. It also provides technology management comprising technology consulting, configuration of machines, tool life controller, and CAD/CAM services, as well as analyzes cutting processes on machines. In addition, the company offers data management services; and customized solutions. It primarily serves customers in the general mechanical engineering, automotive supply, and aviation sectors. The company was founded in 1964 and is headquartered in Hamburg, Germany.",https://kromi.de
DE000A0JC8S7,DATAGROUP SE,D6H.F,Common Stock,"DATAGROUP SE provides information technology (IT) solutions in Germany and internationally. The company offers managed and private cloud, public cloud, application management, SAP, communication and collaboration, network, security, and end user services, as well as service desk services. It also provides IT consulting, robotic process automation, mobile and app, and industry solutions, as well as cloud, platform, application, and SAP transformation solutions. The company was formerly known as Datagroup AG and changed its name to DATAGROUP SE in November 2016. DATAGROUP SE was founded in 1983 and is headquartered in Pliezhausen, Germany. DATAGROUP SE operates as a subsidiary of HHS Beteiligungsgesellschaft mbH.",https://www.datagroup.de
DE0005137004,q.beyond AG,QBY.F,Common Stock,"q.beyond AG engages in the cloud, SAP, Microsoft, data intelligence, security, and software development business in Germany and internationally. It operates through two segments, Cloud & IoT, and SAP. The Cloud & IoT segment provides virtual IT workplaces, business applications, IT resources, and communications and network services, as well as outsourcing services. The SAP segment offers consulting services in the field of basic operations, application management, implementations, user support, and maintenance, as well as in license and rental models. It serves medium-sized companies. The company was formerly known as QSC AG and changed its name to q.beyond AG in September 2020. q.beyond AG was founded in 1997 and is based in Cologne, Germany.",https://www.qbeyond.de
DE000BFB0019,Metro AG,B4B.F,Common Stock,"Metro AG operates as a food wholesale company in Germany and internationally. It operates bricks-and-mortar wholesale stores and delivery depots under the METRO, MAKRO, Classic Fine Foods, Pro à Pro, Aviludo, Pro a Pro Spain, Johan i Hallen & Bergfalk, and Rungis Express brand names serving hotels, restaurants, bars, cafés, catering companies, canteen operators, small grocery stores, and kiosks in Europe, Russia, and Asia, as well as online marketplace METRO MARKETS. The company also develops digital solutions; and offers food delivery services. In addition, it provides services in the areas of real estate, logistics, information technology, procurement, and advertising. The company was formerly known as METRO Wholesale & Food Specialist AG and changed its name to METRO AG in August 2017. Metro AG was founded in 1964 and is based in Düsseldorf, Germany.",https://www.metroag.de
DE000A0XFWK2,SHS VIVEON AG,SHWK.F,Common Stock,"SHS Viveon AG provides consultancy and software solutions for the management of credit risks in Europe. It offers Debitex and RiskSuite solutions for risk, credit, fraud, and compliance management. The company also provides 360° compliance and risk management solution; Connect, a data platform to connect, monitor, and automate data processes; and Insights, an interactive dashboards and assistance systems for users. The company serves banks and financial service providers, industry and wholesale trade, e-commerce, and agencies sectors. SHS Viveon AG was founded in 1991 and is headquartered in Munich, Germany.",https://www.shs-viveon.com
DE0005470306,CTS Eventim AG & Co. KGaA,EVD.XETRA,Common Stock,"CTS Eventim AG & Co. KGaA operates in the leisure events market in Germany, Italy, Switzerland, Austria, the United Kingdom, Sweden, the United States, Finland, Spain, Denmark, the Netherlands, and internationally. The company operates through two segments, Ticketing and Live Entertainment. The Ticketing segment produces, sells, brokers, distributes, and markets tickets for concerts, theatre, art, sports, and other events. It markets events (tickets) through EVENTIM.Web and using its network platform, EVENTIM.Net; in-house ticketing products through EVENTIM.Inhouse; sport ticketing products through EVENTIM.Tixx; and self-service products for promotors through EVENTIM.Light, as well as provides a solution for ticket sales and admission control through EVENTIM.Access. This segment also operates kinoheld software for cinema operators; EVENTIM.fanSALE, a resale portal where customers sell event tickets to other customers; and online portals under various brands, such as eventim.de, oeticket.com, ticketcorner.ch, ticketone.it, and entradas.com. The Live Entertainment segment plans, prepares, and performs tours, events, and festivals, including music events and concerts, as well as markets music productions. This segment is also involved in the operation of venues. The company was formerly known as CTS EVENTIM AG and changed its name to CTS Eventim AG & Co. KGaA in May 2014. CTS Eventim AG & Co. KGaA was founded in 1989 and is headquartered in Bremen, Germany.",https://www.eventim.de
DE000A2NB601,Jenoptik AG,JEN.F,Common Stock,"Jenoptik AG provides advanced photonic solutions and smart mobility solutions in Germany and internationally. The company provides imaging solutions and cameras, including microscope and thermographic camera, imaging modules, polymer-based camera modules, and miniaturized digital microscope subsystem; and laser and laser technology, such as laser ablation, scoring, cutting, and rangefinder, as well as laser OEM solutions comprising diode laser and disk laser technology, diode pumped disk lasers, laser systems, and LK heat sink. It offers optics and optical systems, including objective lenses for laser material processing, customized and standardized objective lenses, optical coatings and measuring systems, and precision optical components; optical shaft measuring systems, optical 3D measurement technology, optical in-line inspection, vision-systems, and ultra-fast opto-electronic probe card; and optoelectronics and optoelectronic systems comprising system partner for optoelectronic systems, customized-specific optoelectronic systems, optoelectronics assemblies and subsystems, light modulation, and photodiodes and LEDs. In addition, the company offers road safety solutions, such as speed enforcement, average speed cameras, red light cameras, evaluation software, and traffic services; and civil security solutions, including automatic number plate recognition and data analysis software, border security, combating organized crime, protecting public places, and monitoring suspect vehicles. It serves automotive, defense and security, electronics and information technology, medical and life science, industry and mechanical engineering, semiconductor equipment, and public safety sectors. Jenoptik AG was founded in 1846 and is headquartered in Jena, Germany.",https://www.jenoptik.com
DE0007100000,Mercedes-Benz Group AG,MBG.F,Common Stock,"Mercedes-Benz Group AG operates as an automotive company in Germany and internationally. It operates through Mercedes-Benz Cars, Mercedes-Benz Vans, and Mercedes-Benz Mobility segments. The company develops, manufactures, and sells cars and vans under the Mercedes-Benz, Mercedes-AMG, Mercedes-Maybach, G-Class brands, as well as related spare parts and accessories. It also provides financing, leasing, car subscription and rental, fleet management, insurance brokerage, and mobility services, as well as digital services for charging and payment. The company was formerly known as Daimler AG and changed its name to Mercedes-Benz Group AG in February 2022. Mercedes-Benz Group AG was founded in 1886 and is headquartered in Stuttgart, Germany.",https://group.mercedes-benz.com
DE000A1YC996,The Social Chain AG,PU11.XETRA,Common Stock,"The Social Chain AG provides social media marketing services worldwide. The company engages in the development, creation, and scaling of social media brands. The Social Chain AG is headquartered in Berlin, Germany.",https://www.socialchain.de
DE000A2NB650,Mutares SE & Co. KGaA,MUX.XETRA,Common Stock,"Mutares SE & Co. KGaA is a private equity firm specializing in investments in secondary direct, special situations, bridge financing, recapitalization, distressed/vulture, management succession, reorganization, carve-outs, turnarounds, spin-offs and re-funding. It also considers co-investments. The firm typically acquires small and medium-sized companies. It also focuses on platform and add-on acquisitions. The firm makes investments in automotive and mobility, wood and paper, construction and infrastructure, engineering, consumer goods and services, technology, commercial repair services, automobiles and components, retail and food, healthcare equipment and services, and materials including containers and packaging. The firm primarily invests in companies with established market positions and whose focus of activity is on Europe, North America and Asia. It considers acquiring companies that have revenues between ""100 million ($107.33 million) and ""750 million ($804.94 million) with an EBITDA up to ""5 million ($5.37 million). It prefers to acquire a controlling and majority stake in its portfolio companies. It typically makes long term investments with a holding period between three and five years. The firm prefers to invest from its personal capital and from balance sheet investments. Mutares SE & Co. KGaA was founded in February 2008 and is based in Munich, Germany, with additional offices in across Europe and Asia.",https://www.mutares.com/en/
DE0005664809,Evotec SE,EVT.XETRA,Common Stock,"Evotec SE operates as drug discovery and development partner for the pharmaceutical and biotechnology industry worldwide. The company is developing pharmaceutical products in various therapeutic areas, such as autoimmune diseases, cancer, CNS diseases, diabetes, fibrosis, immunology, infectious diseases, kidney diseases, liver diseases, pain and inflammation, rare diseases, respiratory diseases, tuberculosis, and women's health. It has collaboration agreements with SK bioscience, JingXin, Carrick Therapeutics, Sernova, Topas Therapeutics, Exscientia, CONBA Group, Centrexion, Sanofi/NIH, Kazia Therapeutics, Bristol Myers Squibb, Topas Therapeutics, Immunitas, Exscientia, and Bayer; and Inserm, the French National Institute of Health and Medical Research, Lille University Hospital, and Inserm Transfert to identify novel therapeutic targets and diagnostic and prognostic markers in obesity and metabolic diseases, as well as collaboration with CHDI Foundation, Inc.; and a strategic partnership with Dewpoint Therapeutics to advance its portfolio targeting biomolecular condensates as a novel domain for therapeutic intervention towards the clinic. The company was formerly known as Evotec AG and changed its name to Evotec SE in April 2019. Evotec SE was incorporated in 1993 and is headquartered in Hamburg, Germany.",https://www.evotec.com
DE000STAB1L8,Stabilus S.A.,STM.XETRA,Common Stock,"Stabilus SE, together with its subsidiaries, engages in the manufacture and sale of gas springs, dampers, vibration isolation products, and electric tailgate opening and closing equipment in Europe, the Middle East, Africa, North and South America, the Asia-Pacific, and internationally. Its products are used in automotive, navy and railways, commercial vehicles, aerospace, marine and rail, energy and construction, mechanical engineering, industrial machinery and automation, health, recreation, leisure, and furniture industries. The company was incorporated in 1934 and is based in Koblenz, Germany.",https://www.stabilus.com
DE000A2YN504,Knaus Tabbert AG,KTA.F,Common Stock,"Knaus Tabbert AG, together with its subsidiaries, manufactures and sells leisure vehicles in Europe. It operates through Premium and Luxury segments. The company offers motorhomes, caravans, and camper vans under the KNAUS, TABBERT, WEINSBERG, T@B, and MORELO brands. It also operates RENT AND TRAVEL digital portal for renting leisure vehicles through a network of partners operating approximately 180 rental stations. Knaus Tabbert AG was founded in 1912 and is headquartered in Jandelsbrunn, Germany.",http://www.knaustabbert.de
DE000A255F11,Friedrich Vorwerk Group SE,VH2.F,Common Stock,"Friedrich Vorwerk Group SE provides various solutions for transformation and transportation of energy in Germany and Europe. The company operates through Natural Gas, Electricity, Clean Hydrogen, and Adjacent Opportunities segments. The Natural Gas segment comprises infrastructure services and product solutions for the transport and conversion of raw natural gas into treated natural gas; and engages in transporting the natural gas through high-pressure pipelines to processing in filtering and separation plants, compressor stations, storage and measurement systems, LNG terminals, and gas pressure control and measurement systems. The Electricity segment provides infrastructure for the underground transport and conversion of electricity that is generated from non-fossil energy sources, such as wind, solar, hydro, and renewable resources. This segment is involved in landing offshore electricity and installing high-voltage underground cables through which electricity is transported to transmission networks. The Clean Hydrogen segment provides product solutions and infrastructure services for the conversion of energy from energy sources into hydrogen, and its transportation to consumers, which is done through conversion of renewable energy by electrolysis; and processing and transportation of the clean hydrogen produced through storage systems, compressor stations, pipelines, and gas pressure control and measurement systems. The Adjacent Opportunities segment provides technologies, such as the treatment and cleaning of biogenic and synthetic gases; heat extraction technologies used in district heating; solutions for the transportation of drinking and wastewater; and specialty solutions for the chemical and petrochemical industry. Friedrich Vorwerk Group SE was founded in 1962 and is headquartered in Tostedt, Germany.",https://www.friedrich-vorwerk.de
DE000A0KD0F7,Muehlhan AG,M4N.F,Common Stock,"Muehlhan AG, together with its subsidiaries, provides surface protection and industrial services worldwide. It operates through four segments: Renewables, Ship, Construction/Infrastructure, and Oil & Gas. The Renewables segment offers surface-protection services to the renewable energy market primarily for wind turbines and transformer platforms in the offshore and onshore wind farms, as well as undertakes installation and other services. The Ship segment provides a range of surface coating maintenance and renovation services, such as repair work on exterior walls and insulation work on new vessels, as well as the restoration of water, ballast, fuel, and cargo tanks to shipping companies and shipyards. The Construction/Infrastructure segment offers coating solutions for steel and concrete structures; scaffolding solutions for the civil engineering, new bridge construction and renovation works, locks, water utility and transportation infrastructure projects, and specialty machinery; and passive fire protection, which is used in large steel structures. The Oil & Gas segment provides surface and fire protection, insulation, and scaffolding services as a partner for companies in the offshore oil and gas, and petrochemical industries. The company also offers access technology service; training programs and courses, engineering, and inspection; and steel construction services for shipyard and industrial/infrastructure customers. Muehlhan AG was founded in 1881 and is headquartered in Hamburg, Germany.",https://www.muehlhan.com
DE0005009740,Ahlers AG,AAH.F,Common Stock,"Ahlers AG, together with its subsidiaries, engages in the manufacture, production, and distribution of men's fashion products in Germany, Austria, Switzerland, rest of Europe, Russia, and Canada. The company offers its products under the Baldessarini, Pierre Cardin, Otto Kern, Pioneer Jeans, and Pionier Workwear brand names. It markets and sells its products through physical retail, chain, and department stores; mono-brand stores; outlets; and online shops. Ahlers AG was founded in 1919 and is headquartered in Herford, Germany. The company operates as a subsidiary of WTW-Beteiligungsgesellschaft mbH.",https://www.ahlers-ag.com
DE000A0STSQ8,M1 Kliniken AG,M12.XETRA,Common Stock,"M1 Kliniken AG, together with its subsidiaries, provides aesthetic medicine and plastic surgery services in Germany, Austria, the Netherlands, Switzerland, the United Kingdom, Croatia, Hungary, Bulgaria, Romania, and Australia. It operates in two segments, Beauty and Trade. The Beauty segment provides aesthetic surgery services, such as breast augmentation, eyelid lifts, and liposuction; and other aesthetic medical treatment services, including injections with hyaluronic acid and botulinum toxin. This segment also manages a private clinic for plastic and aesthetic surgery; and medical specialist centers for aesthetic and plastic medicine under the Schlossklinik and M1 Med Beauty names. The Trade segment sells pharmaceuticals and medical products for various therapeutic areas comprising oncology, HIV/AIDS, neurology, rheumatology, other chronic diseases, and aesthetic medicine. The company was incorporated in 2007 and is based in Berlin, Germany. M1 Kliniken AG is a subsidiary of MPH Health Care AG.",https://www.m1-kliniken.de
DE000A1YDAZ7,SendR SE,SD1.XETRA,Common Stock,"Clean Logistics SE operates in the transport industry. The company converts diesel-powered heavy-duty semi-trailer trucks and passenger buses to hydrogen-powered vehicles. It also provides funding advisory and financing services; and hybatt trucks and buses. The company was formerly known as SendR SE and changed its name to Clean Logistics SE in August 2021. Clean Logistics SE is based in Hamburg, Germany.",https://cleanlogistics.de
DE0007830788,ifa systems AG,IS8.XETRA,Common Stock,"ifa systems AG develops and sells software products for ophthalmology worldwide. It offers an electronic patient file that allows data documentation from the examinations and treatments. The company's products include ifa Lion for patient documentation and administration work; and ifa Managed Security that provides IT security solutions, such as firewall, backup, and endpoint solutions. It serves doctors and nursing staffs in practices and clinics. The company was founded in 1984 and is headquartered in Frechen, Germany.",https://www.ifasystems.de
DE000A2E4LE9,Voltabox AG,VBX.XETRA,Common Stock,"Voltabox AG develops, manufactures, and sells battery systems for e-mobility in industrial applications in Germany, European Union, and the United States. The company operates through Voltapower and Voltaforce segments. The Voltapower segment offers battery systems for use in forklifts, industrial trucks, agriculture and construction machinery, mining vehicles, electric buses for public transport, and automated guided vehicles. The Voltaforce segment develops and produces lithium-ion batteries for the mass market, including starter batteries for motorcycles and sports cars, as well as monoblock batteries for industrial machines; and provides 48-volt mild hybrid batteries. The company was founded in 1835 and is headquartered in Delbrück, Germany. Voltabox AG is a subsidiary of paragon GmbH & Co. KGaA.",https://www.voltabox.ag
DE0005297204,HOMAG Group AG,HG1.F,Common Stock,"HOMAG Group AG, together with its subsidiaries, manufactures and sells machines and solutions for woodworking and timber construction industries worldwide. The company offers machine products for drilling, doweling, milling, and setting fittings; edge banders and tenoners; panel dividing saws and beam saws; panel and board storage systems; home construction; automation; case clamps; packaging machinery; and buffer and collating. It also provides wild belt sander and lacquering machines for surfaces; planing, profiling, and moulding machines; and CNC machines for woodworking. In addition, the company offers software for order creation, work preparation, production management, services solution, and timber construction. Further, it engages in modernization, maintenance and service work, training and education services, process optimization, consulting services, financial services, and cybersecurity, as well as supplies spare parts. HOMAG Group AG was founded in 1960 and is headquartered in Schopfloch, Germany. HOMAG Group AG operates as a subsidiary of Dürr Aktiengesellschaft.",https://www.homag.com
DE0005677108,Elmos Semiconductor SE,ELG.F,Common Stock,"Elmos Semiconductor SE, together with its subsidiaries, develops, manufactures, and distributes microelectronic components and system parts, and technological devices for automotive industry in Germany, other European Union countries, the Americas, Asia/Pacific, and internationally. It offers motor control IC solutions, which includes BLDC motor, controller motor, and DC motor controller ICs; LED driver ICs, such as high voltage, liner LED, and LIN RGB controller ICs; and ultrasonic distance sensor ICs. The company provides optical IR sensor IC, ToF imager, and infrared sensors including pyroelectric sensor signal controller and pyroelectric sensor signal processor. In addition, it offers sensor signal processor and integrated absolute pressure system ICs; and safety, power, and Custom ICs, which includes safety, engine management, and relay driver IC, as well as DC/DC converter, LDO regulator, PSI5, LIN/CAN, and KNX transceivers. Further, the company provides automotive IC solutions including lighting, LiDAR, ultrasonic ranging, object and gesture recognition, thermal management, electronic fuse control, and SSPs. It serves automotive and non-automotive applications comprising smart home and industrial automation applications. Elmos Semiconductor SE was founded in 1984 and is headquartered in Dortmund, Germany.",https://www.elmos.com
DE000A2NBVD5,DFV Deutsche Familienversicherung AG,DFV.XETRA,Common Stock,"DFV Deutsche Familienversicherung AG operates as a digital insurance company in Germany. It offers property, accident, liability, legal expense, household, pet health, and electronics insurance products; and dental, outpatient and inpatient treatment, foreign travel health, sick day, supplementary long-term care, and state-aided care provision insurance products. DFV Deutsche Familienversicherung AG was incorporated in 2006 and is based in Frankfurt am Main, Germany.",https://www.deutsche-familienversicherung.de
DE0007568578,SFC Energy AG,F3C.XETRA,Common Stock,"SFC Energy AG, together with its subsidiaries, develops, produces, and distributes systems and solutions for stationary and mobile off-grid power supply based on hydrogen and direct methanol fuel cells worldwide. The company operates in two segments, Clean Energy and Clean Power Management. It offers EFOY Hydrogen 2.5 fuel cells for higher power ranges; EFOY Pro fuel cells for on-board power supply in vehicles, as well as off-grid power supply, such as monitoring systems, measuring stations, and oil and gas applications; EFOY fuel cells, which ensures automatic recharge of the batteries; SFC EMILY for military and security applications; SFC JENNY, a portable fuel cell for military applications; and SFC Power Manager 3G, a portable power distributor and battery charger that enables the soldiers to use various energy sources available in the field, such as hybrid batteries, solar panels, and vehicle power and fuel cells to power devices or charge batteries. The company also provides drives and motor solutions; SCADA and telemetry solutions; and coils and linear drives. In addition, it offers accessories and spare parts, such as fuel cartridges; and mechanical, electronic, and electrical instruments to monitor and control production and logistics processes. The company was formerly known as SFC Smart Fuel Cell AG and changed its name to SFC Energy AG in July 2010. The company was founded in 2000 and is headquartered in Brunnthal, Germany.",https://www.sfc.com
DE0005753149,Funkwerk AG,FEW.F,Common Stock,"Funkwerk AG develops and sells communication, information, and security systems worldwide. It provides train radio systems, including cab radio systems, ETCS data radio, data radio, handhelds, analogue radio, datasheets, TETRA train radio systems, and test equipment; LTE voice radio systems; visual and acoustic passenger information systems, such as FIA, CURA, accessibility, and monitors, displays and columns, as well as equipment and services; public address systems; and physical security information management systems. The company also offers video systems comprising camera systems and accessories, IP-pan/tilt head systems, professional video components, video management software, video technology solutions, and data sheets. In addition, it provides engineering, documentation, maintenance and servicing, support, repair, on call, and training services, as well as replacement parts management for the communication, information, and video systems. Funkwerk AG offers its products and services in the fields of railways, rail vehicles, public transport infrastructures, public and rail transit, industrials, areas, buildings, energy and supplies, authorities and judiciary, healthcare, and city and recreational facilities. The company was founded in 2000 and is based in Kölleda, Germany. Funkwerk AG is a subsidiary of Hörmann Industries GmbH.",https://funkwerk.com
DE000A2YN702,UMT United Mobility Technology AG,UMDK.XETRA,Common Stock,"UMT United Mobility Technology AG, a fintech company, engages in the development and implementation of customized solutions for the digitalization of business processes in Europe. The company licenses mobile payment platforms and acts as a central interface between various parties, such as large retail chains, banks, bonus program providers, and end consumers. It also offers mobile payment, mobile wallet, loyalty/bonus programs, data analytics, and smart rental solutions. The company was formerly known as Leipzig solar farm AG and changed its name to UMT United Mobility Technology AG in 2011. UMT United Mobility Technology AG was founded in 1989 and is based in Munich, Germany.",https://www.umt.ag
DE000A1TNMM9,centrotherm international AG,CTNK.F,Common Stock,"centrotherm international AG provides production equipment and solutions for the photovoltaic, semiconductor, and microelectronic industries worldwide. It offers low pressure diffusion furnace, plasma enhanced chemical vapor deposition and LPCVD systems, fast firing furnaces, regeneration furnaces, and batch-type systems; integrated production solutions for the manufacturing of mono and multi-crystalline solar cells; and horizontal and vertical batch systems, single wafer systems, and vertical high temperature furnaces for use in semiconductors. The company also provides logic and memory devices, power semiconductors, LED, SMT, and MEMS or sensor technology products; production systems delivery, assembly, and commissioning services; training of customer staff in the operation of production systems; replacement parts purchasing services; supplementary and consulting services for systems; remote control and maintenance services for the analysis and troubleshooting of system errors; optimization services for processes and production stages; maintenance services; and retrofitting, refurbishment, and equipment upgradation services. In addition, it offers automated vacuum soldering furnaces for high-volume production; vacuum soldering systems for high volume production; vacuum soldering systems for advanced packaging; conveyor furnaces for direct copper bonding; conveyor furnaces for serial production; and full hydrogen atmosphere conveyor belt furnaces for glass-to-metal seals and packaging applications. Further, the company provides carbon precursor stabilization ovens and conveyor belt furnaces for ceramic fibers; and spare and replacement parts, as well as customized upgrade kits for centrotherm production systems. The company was formerly known as Centrotherm photovoltaics AG and changed its name to centrotherm international AG in June 2017. The company was founded in 1948 and is headquartered in Blaubeuren, Germany.",https://www.centrotherm.de
DE000A2TSQH7,Katek Se,KTEK.XETRA,Common Stock,"KATEK SE provides electronics value chain services in Germany, Europe, and internationally. The company operates in two segments, Electronics, and Systems & Products. Its services include hardware and software development, electronic technology solutions development, prototyping, materials sourcing, circuit board assembly, measuring and testing, and box-build services, as well as logistics and after-sales services. The company also offers clean energy solutions, such as inverters under the Steca brand; charging solutions for electric vehicles under the eSystems brand; prototype solution under the beflex brand; and inhouse products under the TeleAlarm brand. It serves customers in various industries, such as automotive, communication, consumer, industry, energy/solar, and medical technology. The company was incorporated in 2017 and is headquartered in Munich, Germany. As of February 29, 2024, KATEK SE operates as a subsidiary of Kontron AG.",https://katek-group.de
DE0005878003,DMG MORI AKTIENGESELLSCHAFT,GIL.XETRA,Common Stock,"DMG MORI AKTIENGESELLSCHAFT engages in the manufacturing and sale of cutting machine tools in Germany, rest of the Europe, Asia, and internationally. The company operates through Machine Tools and Industrial Services segments. The Machine Tools segment offers turning machines, such as universal turning machines, turn-mill centers, production turning, and multi-spindle machining centers; vertical, horizontal, and 5-axis milling centers; ultrasonic, lasertec, and additive manufacturing products; and selective laser melting in the powder bed, as well as software solutions. The Industrial Services segment provides industrial services, including service agreements, repair, maintenance, and training services, as well as services related to spare parts. It serves aerospace, automotive, die and mold, medical, and semiconductor industries. The company was founded in 1870 and is headquartered in Bielefeld, Germany. DMG MORI AKTIENGESELLSCHAFT is a subsidiary of DMG Mori Co., Ltd.",https://www.dmgmori.com
DE0006464506,Leifheit Aktiengesellschaft,LEI.F,Common Stock,"Leifheit Aktiengesellschaft, together with its subsidiaries, produces and distributes household products in Germany, Central and Eastern Europe, and internationally. The company operates through three segments: Household, Wellbeing, and Private Label. The Household segment provides cleaning, laundry care, and kitchen goods under the Leifheit brand. The Wellbeing segment offers a range of scales and room air treatment products under the Soehnle brand. The Private Label segment provides kitchen goods and laundry care under the Birambeau and Herby brands. In addition, it offers its products through online shop. Leifheit Aktiengesellschaft was founded in 1868 and is based in Nassau, Germany.",https://www.leifheit-group.com
DE000A0WMPJ6,AIXTRON SE,AIXA.XETRA,Common Stock,"AIXTRON SE, together with its subsidiaries, provides deposition equipment to the semiconductor industry in Asia, Europe, and the Americas. It develops, produces, and installs equipment for the deposition of semiconductor materials; and offers deposition processes, consulting, training, customer support, and other related services, as well as peripheral devices and services for the operation of its systems. The company's product portfolio includes MOCVD, CVD and PECVD, and OVPD and PVPD systems. It also supplies deposition equipment for volume production, as well as for research and development and pre-series productions. The company's products are used in a range of compound semiconductors and optoelectronic applications, as well as lasers, LED, display technologies, optical and wireless data transmission, SiC and GaN power electronics, and other applications. AIXTRON SE was founded in 1983 and is headquartered in Herzogenrath, Germany.",https://www.aixtron.com
DE000A0JQ5U3,Manz AG,M5Z.F,Common Stock,"Manz AG, together with its subsidiaries, operates as a high-tech mechanical engineering company that provides production equipment in Germany, rest of Europe, the United States, Taiwan, China, rest of Asia, and internationally. The company operates in two segments: Mobility & Battery Solutions and Industry Solutions. It provides lithium-ion battery cells, modules, and systems, as well as capacitors. The company also offers production, assembly, and handling equipment for the manufacture of displays for flat screens, touch sensors, printed circuit boards, and chip carriers, as well as smartphones, tablet computers, notebooks, wearables, and other consumer electronics. In addition, it engages in the provision of contract manufacturing, simulation and factory planning, process and prototype development, customer training, and after-sales services; and solutions utilizing technologies comprising automation, inspection systems, laser processes, wet chemistry, and digital printing to the automotive and electromobility, electronics, energy, e-mobility, and battery production technology industries. The company was formerly known as Manz Automation AG and changed its name to Manz AG in June 2011. Manz AG was founded in 1987 and is headquartered in Reutlingen, Germany.",https://www.manz.com
DE000A0BL849,VITA 34 AG,V3V.XETRA,Common Stock,"VITA 34 AG engages in the collection, processing, cryopreservation, and storage of stem cells from umbilical cord blood and tissue and postnatal tissue in Germany, Poland, Portugal, and internationally. It operates through Subgroup Vita 34 And Subgroup PBKM segments. The company produces and develops advanced therapies, genetic tests, and analyses for third parties. It also develops products and drugs based on cells, tissues, and blood for medical applications; and produces and manufactures viral vectors and CAR-T cells. In addition, the company provides biobanking services, such as freezing sperm and storage of adipose tissue and the isolation of cells from the stored materials. VITA 34 AG was founded in 1997 and is based in Leipzig, Germany.",https://www.vita34.de
DE000A2GS5D8,Dermapharm Holding SE,DMP.XETRA,Common Stock,"Dermapharm Holding SE, together with its subsidiaries, manufactures and sells off-patent branded pharmaceutical products in Germany and internationally. It operates through three segments: Branded Pharmaceuticals and Other Healthcare Products, Parallel Import Business, and Herbal Extracts. The company develops, manufactures, licenses, markets, and sells branded generics, over-the-counter drugs, non-prescription healthcare products, herbal extracts, and other pharmaceutical products. It offers healthcare products in the areas of vitamins, minerals, food supplements, dermatology, allergology, pain and inflammation treatment, cardiovascular support, gynecology, and urology. The company also provides medical devices under the bite away and Herpotherm names. Further, it imports originator pharmaceuticals under the axicorp brand; and offers herbal extracts and natural active ingredients for phytopharmaceuticals, nutraceuticals, and cosmetics. The company was founded in 1991 and is based in Grünwald, Germany. Dermapharm Holding SE operates as a subsidiary of Themis Beteiligungs-AG.",https://ir.dermapharm.de
DE000A0HGQF5,MagForce AG,MF6.F,Common Stock,"MagForce AG operates in the field of nanotechnology-based cancer therapy in Germany and Poland. It offers NanoTherm, a therapy for the treatment of brain tumors; NanoPlan, a software that supports the attending physician in preparing the ideal treatment plan for the NanoTherm therapy; and NanoActivator, a magnetic field generator. MagForce AG was founded in 1997 and is headquartered in Berlin, Germany.",https://www.magforce.com
DE0007297004,Südzucker AG,SZU.F,Common Stock,"Südzucker AG produces and sells sugar products in Germany, rest of the European Union, the United Kingdom, the United States, and internationally. It operates through five segments: Sugar, Special Products, CropEnergies, Starch, and Fruit. The Sugar segment produces and sells sugar, sugar specialty products, glucose syrup, and animal feed to food industry, retailers, and agriculture markets, as well as offers by-products of sugar. The Special Products segment produces functional ingredients, including dietary fibers, sugar substitutes, sugar, rice starches, barley/rice flours, texturized wheat protein, and vegetable texturates for food, animal feed, non-food, and pharmaceutical industries. This segment also offers frozen and chilled pizzas, frozen pasta, snacks, dressings, sauces, baguettes, breadsnacks, portion packed articles, and non-food products to hotels, caterers, food retailers, and restaurants. The CropEnergies segment produces fuel-grade ethanol, neutral alcohol, protein-based food and animal feed, and liquid CO2 to oil companies and traders, food and animal feed producers, beverage, cosmetics, industrial and pharmaceutical companies. The Starch segment offers starches, saccharification products, ethanol, and byproducts, which includes animal feed and fertilizers to food, paper, textiles, industrial chemicals, pharmaceuticals, cosmetics, petroleum, and animal feed industries. The Fruit segment produces fruit preparations for the dairy, ice cream, baked goods, and food service industries; and fruit juice concentrates, not-from- concentrate juices, fruit wines, natural aromas, and beverage bases for beverage industry. The company was founded in 1837 and is headquartered in Mannheim, Germany. Südzucker AG operates as a subsidiary of Süddeutsche Zuckerrübenverwertungs-Genossenschaft eG.",https://www.suedzuckergroup.com
DE000A0H52F5,MVV Energie AG,MVV1.F,Common Stock,"MVV Energie AG, together with its subsidiaries, provides electricity, heat, gas, water, and waste treatment and disposal products primarily in Germany. The company operates through five segments: Customer Solutions, New Energies, Supply Reliability, Strategic Investments, and Other Activities. The Customer Solutions segment engages in the energy and water retail and wholesale, direct marketing of renewable energy, commodities, and service and trading businesses. This segment also offers services to third-party customers. The New Energies segment operates waste, biomass power, biomethane, and biogas plants; and photovoltaics systems and wind turbines. This segment also engages in the national and international project development, and operation and management of windfarms and solar parks. The Supply Reliability segment engages in the conventional generation activities; and operates electricity, district heating, gas, and water grid facilities with a total length of approximately 19,000 kilometers. The Strategic Investments segment engages in operation of energy generation plants and grid facilities. The Other Activities segment provides metering, billing, and information technology services. It serves industrial, retail, households, real estate, commercial, and business customers. The company was founded in 1974 and is based in Mannheim, Germany. MVV Energie AG operates as a subsidiary of MV Mannheimer Verkehr GmbH.",https://www.mvv.de
DE000A0JBPG2,PNE AG,PNE3.XETRA,Common Stock,"PNE AG engages in the development, planning, realization, financing, operation, and sale of wind and photovoltaic (PV) farms and transformer stations in Germany and internationally. It operates through three segments: Project Development, Electricity Generation, and Service Products. The company develops, constructs, and sells onshore and offshore wind farms; provides technical and commercial operations management services for wind farms, PV plants, and transformer stations; and generates electricity from wind and biomass power plant. It is also involved in the development of photovoltaics and hybrid solutions, as well as power-to-X solutions. The company was formerly known as PNE WIND AG and changed its name to PNE AG in June 2018. The company was founded in 1995 and is based in Cuxhaven, Germany.",https://www.pne-ag.com
DE000A3H2135,Binect AG,MA10.XETRA,Common Stock,"Binect AG provides software and service platform for the digitization of various business document and receipt logistics in Germany. It develops and integrates digital modules and services for medium-sized companies, authorities, and other institutions. The company was founded in 2004 and is based in Weiterstadt, Germany.",https://www.binect.com
DE0005498901,DATA MODUL Aktiengesellschaft Produktion und Vertrieb von elektronischen Systemen,DAM.XETRA,Common Stock,"DATA MODUL Aktiengesellschaft, Produktion und Vertrieb von elektronischen Systemen engages in the development, manufacture, and distribution of flatbed displays, monitors, electronic subassemblies, and information systems in Germany and internationally. It operates in two segments, Displays and Systems. The company offers customized, TFT, Memory-in-Pixel, e-paper, MiniLED, passive, and OLED displays. It also provides practical evaluation kits; projected capacitive touch solutions, resistive touchscreens, touch panels and sensors, and tails and controller boards; cover glasses and optical bonding solutions; embedded components, single board computers, computer-on-modules, and baseboards, as well as accessory components, such as memory, periphery and connectivity solutions, cooling solutions, and various cables; and LCD controller boards and embedded components. In addition, the company offers various monitors, and box and panel PC solutions, as well as develops customized system solutions for various applications. Further, it provides operating systems, including embedded Linux and real-time operating systems, as well as consumer-oriented Android interface solutions; and application software comprising easyANALYZER for PCAP Touch and maXcs Software Suite for transportation. Additionally, the company engages in cyber security, e-paper display content management, embedded Linux BSP, and artificial intelligence and machine learning software activities; and provision of design-in, research and development, contract manufacturing, logistics, and lifecycle management solutions. It primarily serves customers in the mechanical engineering, medical device technology, automotive, industrial automation, and gaming industries. The company was founded in 1972 and is headquartered in Munich, Germany. DATA MODUL Aktiengesellschaft, Produktion und Vertrieb von elektronischen Systemen operates as a subsidiary of Arrow Central Europe Holding Munich GmbH.",https://www.data-modul.com
DE000A3CMGM5,Apontis Pharma AG,APPH.XETRA,Common Stock,"Apontis Pharma AG markets and sells medical drugs for indication fields of internal medicine in Germany. It develops, promotes, and sells a portfolio of single pills and other pharmaceutical products with a focus on cardiovascular diseases, such as hypertension, hyperlipidemia, and secondary prevention, as well as respiratory diseases and diabetes. The company was founded in 1946 is headquartered in Monheim am Rhein, Germany.",https://apontis-pharma.de
DE0006202005,Salzgitter AG,SZG.XETRA,Common Stock,"Salzgitter AG, together with its subsidiaries, engages in steel and technology businesses worldwide. It operates through four segments: Steel Production, Steel Processing, Trading, and Technology. The Steel Production segment manufactures steel and special steels, such as hot-rolled wide strip, steel sheet, sections, tailored blanks, as well as scrap trading. The Steel Processing segment produces various high-grade heavy plates; and manufactures line pipes, HFI-welded tubes, and precision and stainless-steel tubes. The Trading segment operates a European sales network, as well as trading companies and agencies worldwide. The Technology segment engages in the provision of machinery and plants for the filling and packaging of beverages, as well as special machinery engineering for shoe manufacturing and elastomer production. The company also provides IT, facility management, logistics, automotive engineering, and research and development services, as well as supplies raw materials. The company was founded in 1858 and is headquartered in Salzgitter, Germany.",https://www.salzgitter-ag.com
DE0005088108,Baader Bank Aktiengesellschaft,BWB.F,Common Stock,"Baader Bank Aktiengesellschaft provides investment and banking services in Europe. The company trades in equities, bonds, funds and exchange traded funds, and securitized derivatives, as well as engages in the over-the-counter trading activities. It also provides electronic trading services, including automated order execution in shares, bonds, ETPs, and derivatives for clients on the national and international stock exchanges and trading platforms; service packages; and sales trading/execution services, such as the receipt and execution of client orders and orders of the bank's own clients, as well as flow and news management, portfolio trading, trading strategy advice, sponsoring, CSA and prime brokerage, and clearing services, as well as sells research products and trading ideas. In addition, the company offers capital market services, such as advice in financing and capital market transactions, structuring and execution of equity transactions, reallocations of stocks, project financing; and technical trading services comprising support for capital measures, capital increases, and decreases, as well as for the purchase of shares, squeeze-out procedures, and withdrawal of invalid physical share certificates. Further, the company provides banking services that include account and custody account management, fund-based savings plans, securities and derivatives trading in accounts, custody accounts, and execution of orders, as well as other banking-related services and trade/order entry applications. Additionally, it engages in the portfolio management of fund products, including UCITS and special funds, offshore funds, and derivative overlay mandates; and equity research activities. Baader Bank Aktiengesellschaft was founded in 1983 and is headquartered in Unterschleissheim, Germany. Baader Bank Aktiengesellschaft is a subsidiary of Baader Beteiligungs GmbH.",https://www.baaderbank.de
DE000A13SX22,Hella KGaA Hueck & Co,HLE.XETRA,Common Stock,"HELLA GmbH & Co. KGaA, together with its subsidiaries, develops, manufactures, and sells lighting systems and electronic components for automotive industry worldwide. It operates through three segments: Lighting, Electronics, and Lifecycle Solutions. The Lighting segment offers headlamps, rear combination lamps, and car body lighting including radomes, illuminated logos, and front phygital shields, as well as interior lighting products. The Electronics segment provides automated driving products, such as radar sensors and steering electronics; sensors and actuators; body electronics, including lighting electronics and access systems; and energy management products. The Lifecycle Solutions segment offers vehicle diagnostics, emissions testing, battery testing, light adjustment, and calibration service, as well as data-based services; and sells wear parts, spare parts, and accessories to dealers and independent workshops. This segment develops, manufactures, and distributes lighting and electronic products for special vehicles comprising construction and agricultural machinery, buses, and motor homes, as well as marine sectors. The company was formerly known as HELLA KGaA Hueck & Co. and changed its name to HELLA GmbH & Co. KGaA in October 2017. HELLA GmbH & Co. KGaA was founded in 1899 and is headquartered in Lippstadt, Germany. HELLA GmbH & Co. KGaA operates as a subsidiary of Forvia Germany Gmbh.",https://www.hella.com
DE000A288904,CompuGroup Medical SE & Co. KGaA,COP.F,Common Stock,"CompuGroup Medical SE & Co. KGaA develops and sells software and information technology solutions for the healthcare sector worldwide. The company's Ambulatory Information Systems segment develop and sell practice management software for registered physicians, medical care centers, and physician networks; and offers supplementary internet and intranet solutions. Its Pharmacy Information Systems segment develop and sell administrative and billing related software applications, which includes procuring and shipping, managing and controlling inventory, planning, performing, and monitoring retail activities for pharmacies. Hospital Information Systems segment develop and sells of clinical and administrative solutions for inpatient sector; healthcare services to acute care hospitals, rehabilitation centers, welfare institutions, multi-location hospital networks, healthcare regions, regional care organizations, medical laboratories, and radiologists. The Consumer & Health Management Information Systems segment provides software interfaces for data exchange, portals for retrieving data from the German outpatient healthcare market, medical decision support tools, medication and treatment databases for healthcare service providers, solutions for the insurance industry, and digital healthcare applications, consumer portals, and mobile apps; and operates telematics infrastructure business, which offers secure links, as well as security solutions for service providers. The company was founded in 1987 and is headquartered in Koblenz, Germany.",https://www.cgm.com
DE000A12UP37,NorCom Information Technology GmbH & Co. KGaA,NC5A.XETRA,Common Stock,"NorCom Information Technology GmbH & Co. KGaA develops and implements big data solutions in Germany and internationally. The company offers DaSense, an AI solution platform that combines artificial intelligence with data and document management. It serves the govtech, legal tech, and industry sector. NorCom Information Technology GmbH & Co. KGaA was founded in 1989 and is based in Munich, Germany.",https://www.norcom.de
